time,h_GR,h_GAF
0.0000,-1.35971e-21,-1.35971e-21
0.0005,-6.06096e-22,-6.06096e-22
0.0010,2.62109e-22,2.62109e-22
0.0015,1.08273e-21,1.08273e-21
0.0020,1.70174e-21,1.70174e-21
0.0025,2.00227e-21,2.00227e-21
0.0030,1.92677e-21,1.92677e-21
0.0035,1.48825e-21,1.48825e-21
0.0040,7.68255e-22,7.68255e-22
0.0045,-9.81174e-23,-9.81174e-23
0.0050,-9.47431e-22,-9.47431e-22
0.0055,-1.61871e-21,-1.61871e-21
0.0060,-1.98398e-21,-1.98398e-21
0.0065,-1.97283e-21,-1.97283e-21
0.0070,-1.58616e-21,-1.58616e-21
0.0075,-8.96445e-22,-8.96445e-22
0.0080,-3.43672e-23,-3.43672e-23
0.0085,8.35800e-22,8.35800e-22
0.0090,1.54744e-21,1.54744e-21
0.0095,1.96355e-21,1.96355e-21
0.0100,2.00321e-21,2.00321e-21
0.0105,1.65755e-21,1.65755e-21
0.0110,9.91888e-22,9.91888e-22
0.0115,1.33624e-22,1.33624e-22
0.0120,-7.51999e-22,-7.51999e-22
0.0125,-1.49363e-21,-1.49363e-21
0.0130,-1.94701e-21,-1.94701e-21
0.0135,-2.02312e-21,-2.02312e-21
0.0140,-1.70589e-21,-1.70589e-21
0.0145,-1.05579e-21,-1.05579e-21
0.0150,-1.98538e-22,-1.98538e-22
0.0155,6.99066e-22,6.99066e-22
0.0160,1.46148e-21,1.46148e-21
0.0165,1.93880e-21,1.93880e-21
0.0170,2.03634e-21,2.03634e-21
0.0175,1.73363e-21,1.73363e-21
0.0180,1.08891e-21,1.08891e-21
0.0185,2.28195e-22,2.28195e-22
0.0190,-6.79188e-22,-6.79188e-22
0.0195,-1.45383e-21,-1.45383e-21
0.0200,-1.94173e-21,-1.94173e-21
0.0205,-2.04502e-21,-2.04502e-21
0.0210,-1.74184e-21,-1.74184e-21
0.0215,-1.09117e-21,-1.09117e-21
0.0220,-2.21591e-22,-2.21591e-22
0.0225,6.93886e-22,6.93886e-22
0.0230,1.47220e-21,1.47220e-21
0.0235,1.95683e-21,1.95683e-21
0.0240,2.04945e-21,2.04945e-21
0.0245,1.73003e-21,1.73003e-21
0.0250,1.06149e-21,1.06149e-21
0.0255,1.77493e-22,1.77493e-22
0.0260,-7.44058e-22,-7.44058e-22
0.0265,-1.51672e-21,-1.51672e-21
0.0270,-1.98328e-21,-1.98328e-21
0.0275,-2.04789e-21,-2.04789e-21
0.0280,-1.69595e-21,-1.69595e-21
0.0285,-9.97703e-22,-9.97703e-22
0.0290,-9.44480e-23,-9.44480e-23
0.0295,8.29857e-22,8.29857e-22
0.0300,1.58597e-21,1.58597e-21
0.0305,2.01816e-21,2.01816e-21
0.0306,2.03643e-21,2.03643e-21
0.0315,1.63552e-21,1.63552e-21
0.0320,8.96584e-22,8.96584e-22
0.0325,-2.89915e-23,-2.89915e-23
0.0330,-9.50377e-22,-9.50377e-22
0.0335,-1.67660e-21,-1.67660e-21
0.0340,-2.05616e-21,-2.05616e-21
0.0345,-2.00886e-21,-2.00886e-21
0.0350,-1.54298e-21,-1.54298e-21
0.0355,-7.54191e-22,-7.54191e-22
0.0360,1.93816e-22,1.93816e-22
0.0365,1.10312e-21,1.10312e-21
0.0370,1.78284e-21,1.78284e-21
0.0375,2.08930e-21,2.08930e-21
0.0380,1.95660e-21,1.95660e-21
0.0385,1.41107e-21,1.41107e-21
0.0390,5.66391e-22,5.66391e-22
0.0395,-3.99832e-22,-3.99832e-22
0.0400,-1.28325e-21,-1.28325e-21
0.0405,-1.89598e-21,-1.89598e-21
0.0410,-2.10665e-21,-2.10665e-21
0.0415,-1.86886e-21,-1.86886e-21
0.0420,-1.23164e-21,-1.23164e-21
0.0425,-3.29748e-22,-3.29748e-22
0.0430,6.44630e-22,6.44630e-22
0.0435,1.48267e-21,1.48267e-21
0.0440,2.00367e-21,2.00367e-21
0.0445,2.09421e-21,2.09421e-21
0.0450,1.73309e-21,1.73309e-21
0.0455,9.96624e-22,9.96624e-22
0.0460,4.28183e-23,4.28183e-23
0.0465,-9.22261e-22,-9.22261e-22
0.0470,-1.68892e-21,-1.68892e-21
0.0475,-2.08948e-21,-2.08948e-21
0.0480,-2.03513e-21,-2.03513e-21
0.0485,-1.53597e-21,-1.53597e-21
0.0490,-6.99510e-22,-6.99510e-22
0.0495,2.92127e-22,2.92127e-22
0.0501,1.22168e-21,1.22168e-21
0.0506,1.88428e-21,1.88428e-21
0.0511,2.13275e-21,2.13275e-21
0.0516,1.91055e-21,1.91055e-21
0.0521,1.26497e-21,1.26497e-21
0.0526,3.37485e-22,3.37485e-22
0.0531,-8.43085e-22,-8.43085e-22
0.0536,-1.70668e-21,-1.70668e-21
0.0541,-2.16027e-21,-2.16027e-21
0.0546,-2.09407e-21,-2.09407e-21
0.0551,-1.52119e-21,-1.52119e-21
0.0556,-5.78222e-22,-5.78222e-22
0.0561,5.50429e-22,5.50429e-22
0.0566,1.67602e-21,1.67602e-21
0.0571,2.30429e-21,2.30429e-21
0.0576,2.24400e-21,2.24400e-21
0.0581,1.50912e-21,1.50912e-21
0.0586,3.17083e-22,3.17083e-22
0.0591,-9.74633e-22,-9.74633e-22
0.0596,-1.97514e-21,-1.97514e-21
0.0601,-2.37857e-21,-2.37857e-21
0.0606,-2.05832e-21,-2.05832e-21
0.0611,-1.10783e-21,-1.10783e-21
0.0616,1.85391e-22,1.85391e-22
0.0621,1.42588e-21,1.42588e-21
0.0626,2.23084e-21,2.23084e-21
0.0631,2.34863e-21,2.34863e-21
0.0636,1.73843e-21,1.73843e-21
0.0641,5.85460e-22,5.85460e-22
0.0646,-7.54021e-22,-7.54021e-22
0.0651,-1.86211e-21,-1.86211e-21
0.0656,-2.38961e-21,-2.38961e-21
0.0661,-2.16680e-21,-2.16680e-21
0.0666,-1.25922e-21,-1.25922e-21
0.0671,5.01839e-23,5.01839e-23
0.0676,1.34815e-21,1.34815e-21
0.0681,2.22117e-21,2.22117e-21
0.0686,2.38752e-21,2.38752e-21
0.0691,1.78929e-21,1.78929e-21
0.0696,6.13766e-22,6.13766e-22
0.0701,-7.63798e-22,-7.63798e-22
0.0706,-1.89917e-21,-1.89917e-21
0.0711,-2.42236e-21,-2.42236e-21
0.0716,-2.15902e-21,-2.15902e-21
0.0721,-1.18986e-21,-1.18986e-21
0.0726,1.72472e-22,1.72472e-22
0.0731,1.48304e-21,1.48304e-21
0.0736,2.30956e-21,2.30956e-21
0.0741,2.37547e-21,2.37547e-21
0.0746,1.65371e-21,1.65371e-21
0.0751,3.79031e-22,3.79031e-22
0.0756,-1.02686e-21,-1.02686e-21
0.0761,-2.09405e-21,-2.09405e-21
0.0766,-2.46160e-21,-2.46160e-21
0.0771,-2.00075e-21,-2.00075e-21
0.0776,-8.61533e-22,-8.61533e-22
0.0781,5.74290e-22,5.74290e-22
0.0786,1.82002e-21,1.82002e-21
0.0791,2.44883e-21,2.44883e-21
0.0796,2.24081e-21,2.24081e-21
0.0801,1.26149e-21,1.26149e-21
0.0806,-1.56812e-22,-1.56812e-22
0.0811,-1.52630e-21,-1.52630e-21
0.0816,-2.37093e-21,-2.37093e-21
0.0821,-2.39248e-21,-2.39248e-21
0.0826,-1.57739e-21,-1.57739e-21
0.0831,-2.05536e-22,-2.05536e-22
0.0836,1.24411e-21,1.24411e-21
0.0841,2.25986e-21,2.25986e-21
0.0846,2.47828e-21,2.47828e-21
0.0851,1.81566e-21,1.81566e-21
0.0856,5.01976e-22,5.01976e-22
0.0861,-9.96903e-22,-9.96903e-22
0.0866,-2.14332e-21,-2.14332e-21
0.0871,-2.52079e-21,-2.52079e-21
0.0876,-1.98668e-21,-1.98668e-21
0.0881,-7.28122e-22,-7.28122e-22
0.0886,8.01307e-22,8.01307e-22
0.0891,2.04365e-21,2.04365e-21
0.0896,2.54005e-21,2.54005e-21
0.0901,2.10152e-21,2.10152e-21
0.0906,8.83030e-22,8.83030e-22
0.0911,-6.68786e-22,-6.68786e-22
0.0916,-1.97773e-21,-1.97773e-21
0.0921,-2.55174e-21,-2.55174e-21
0.0926,-2.16916e-21,-2.16916e-21
0.0931,-9.66567e-22,-9.66567e-22
0.0936,6.07298e-22,6.07298e-22
0.0941,1.95715e-21,1.95715e-21
0.0946,2.56602e-21,2.56602e-21
0.0951,2.19450e-21,2.19450e-21
0.0956,9.77320e-22,9.77320e-22
0.0961,-6.22626e-22,-6.22626e-22
0.0966,-1.98838e-21,-1.98838e-21
0.0971,-2.58647e-21,-2.58647e-21
0.0976,-2.17670e-21,-2.17670e-21
0.0981,-9.11199e-22,-9.11199e-22
0.0986,7.18965e-22,7.18965e-22
0.0991,2.07230e-21,2.07230e-21
0.0996,2.60907e-21,2.60907e-21
0.1001,2.10815e-21,2.10815e-21
0.1006,7.60963e-22,7.60963e-22
0.1011,-8.98434e-22,-8.98434e-22
0.1016,-2.20301e-21,-2.20301e-21
0.1021,-2.62083e-21,-2.62083e-21
0.1026,-1.97387e-21,-1.97387e-21
0.1031,-5.16972e-22,-5.16972e-22
0.1036,1.15917e-21,1.15917e-21
0.1041,2.36557e-21,2.36557e-21
0.1046,2.59845e-21,2.59845e-21
0.1051,1.75200e-21,1.75200e-21
0.1056,1.69696e-22,1.69696e-22
0.1061,-1.49164e-21,-1.49164e-21
0.1066,-2.53284e-21,-2.53284e-21
0.1071,-2.50745e-21,-2.50745e-21
0.1076,-1.41614e-21,-1.41614e-21
0.1081,2.85350e-22,2.85350e-22
0.1086,1.87315e-21,1.87315e-21
0.1091,2.66209e-21,2.66209e-21
0.1096,2.30297e-21,2.30297e-21
0.1101,9.40690e-22,9.40690e-22
0.1106,-8.39611e-22,-8.39611e-22
0.1111,-2.26084e-21,-2.26084e-21
0.1116,-2.69284e-21,-2.69284e-21
0.1121,-1.93432e-21,-1.93432e-21
0.1126,-3.10861e-22,-3.10861e-22
0.1131,1.46037e-21,1.46037e-21
0.1136,2.58504e-21,2.58504e-21
0.1141,2.54470e-21,2.54470e-21
0.1146,1.35584e-21,1.35584e-21
0.1151,-4.61773e-22,-4.61773e-22
0.1156,-2.07794e-21,-2.07794e-21
0.1161,-2.74641e-21,-2.74641e-21
0.1166,-2.14779e-21,-2.14779e-21
0.1171,-5.46907e-22,-5.46907e-22
0.1176,1.31876e-21,1.31876e-21
0.1181,2.57561e-21,2.57561e-21
0.1186,2.62350e-21,2.62350e-21
0.1191,1.42643e-21,1.42643e-21
0.1196,-4.58260e-22,-4.58260e-22
0.1201,-2.13430e-21,-2.13430e-21
0.1206,-2.79125e-21,-2.79125e-21
0.1211,-2.09916e-21,-2.09916e-21
0.1216,-3.79952e-22,-3.79952e-22
0.1221,1.53587e-21,1.53587e-21
0.1226,2.70684e-21,2.70684e-21
0.1231,2.54433e-21,2.54433e-21
0.1236,1.11365e-21,1.11365e-21
0.1241,-8.83684e-22,-8.83684e-22
0.1246,-2.44858e-21,-2.44858e-21
0.1251,-2.78335e-21,-2.78335e-21
0.1256,-1.70264e-21,-1.70264e-21
0.1261,2.57176e-22,2.57176e-22
0.1266,2.09722e-21,2.09722e-21
0.1271,2.86254e-21,2.86254e-21
0.1276,2.14088e-21,2.14088e-21
0.1281,2.91952e-22,2.91952e-22
0.1286,-1.72333e-21,-1.72333e-21
0.1291,-2.83781e-21,-2.83781e-21
0.1296,-2.44503e-21,-2.44503e-21
0.1301,-7.36424e-22,-7.36424e-22
0.1306,1.38192e-21,1.38192e-21
0.1311,2.76363e-21,2.76363e-21
0.1316,2.64299e-21,2.64299e-21
0.1321,1.06634e-21,1.06634e-21
0.1326,-1.11239e-21,-1.11239e-21
0.1331,-2.68649e-21,-2.68649e-21
0.1336,-2.76422e-21,-2.76422e-21
0.1341,-1.28099e-21,-1.28099e-21
0.1346,9.41605e-22,9.41605e-22
0.1351,2.64174e-21,2.64174e-21
0.1356,2.83232e-21,2.83232e-21
0.1361,1.38116e-21,1.38116e-21
0.1366,-8.87857e-22,-8.87857e-22
0.1371,-2.65216e-21,-2.65216e-21
0.1376,-2.85947e-21,-2.85947e-21
0.1381,-1.36300e-21,-1.36300e-21
0.1386,9.63983e-22,9.63983e-22
0.1391,2.72641e-21,2.72641e-21
0.1396,2.84182e-21,2.84182e-21
0.1401,1.21397e-21,1.21397e-21
0.1406,-1.17785e-21,-1.17785e-21
0.1411,-2.85584e-21,-2.85584e-21
0.1416,-2.75562e-21,-2.75562e-21
0.1421,-9.12024e-22,-9.12024e-22
0.1426,1.52848e-21,1.52848e-21
0.1431,3.00852e-21,3.00852e-21
0.1436,2.55437e-21,2.55437e-21
0.1441,4.29940e-22,4.29940e-22
0.1446,-1.99610e-21,-1.99610e-21
0.1451,-3.12078e-21,-3.12078e-21
0.1456,-2.17003e-21,-2.17003e-21
0.1461,2.51708e-22,2.51708e-22
0.1466,2.52489e-21,2.52489e-21
0.1471,3.08923e-21,3.08923e-21
0.1476,1.52391e-21,1.52391e-21
0.1481,-1.11875e-21,-1.11875e-21
0.1486,-3.00031e-21,-3.00031e-21
0.1491,-2.77171e-21,-2.77171e-21
0.1496,-5.56737e-22,-5.56737e-22
0.1502,2.08263e-21,2.08263e-21
0.1507,3.23055e-21,3.23055e-21
0.1512,2.01323e-21,2.01323e-21
0.1517,-7.12068e-22,-7.12068e-22
0.1522,-3.16129e-21,-3.16129e-21
0.1527,-2.95585e-21,-2.95585e-21
0.1532,-7.19949e-22,-7.19949e-22
0.1537,2.09630e-21,2.09630e-21
0.1542,3.30871e-21,3.30871e-21
0.1547,1.92770e-21,1.92770e-21
0.1552,-1.00362e-21,-1.00362e-21
0.1557,-3.16129e-21,-3.16129e-21
0.1562,-2.77385e-21,-2.77385e-21
0.1567,-1.02155e-22,-1.02155e-22
0.1572,2.68644e-21,2.68644e-21
0.1577,3.25196e-21,3.25196e-21
0.1582,1.06143e-21,1.06143e-21
0.1587,-2.06870e-21,-2.06870e-21
0.1592,-3.43992e-21,-3.43992e-21
0.1597,-1.80247e-21,-1.80247e-21
0.1602,1.46125e-21,1.46125e-21
0.1607,3.45129e-21,3.45129e-21
0.1612,2.31877e-21,2.31877e-21
0.1617,-9.72000e-22,-9.72000e-22
0.1622,-3.39875e-21,-3.39875e-21
0.1627,-2.63678e-21,-2.63678e-21
0.1632,6.70004e-22,6.70004e-22
0.1637,3.37250e-21,3.37250e-21
0.1642,2.78462e-21,2.78462e-21
0.1647,-6.00972e-22,-6.00972e-22
0.1652,-3.42811e-21,-3.42811e-21
0.1657,-2.76561e-21,-2.76561e-21
0.1662,8.01173e-22,8.01173e-22
0.1667,3.57480e-21,3.57480e-21
0.1672,2.53739e-21,2.53739e-21
0.1677,-1.29888e-21,-1.29888e-21
0.1682,-3.75416e-21,-3.75416e-21
0.1687,-2.00052e-21,-2.00052e-21
0.1692,2.08900e-21,2.08900e-21
0.1697,3.80481e-21,3.80481e-21
0.1702,1.01337e-21,1.01337e-21
0.1707,-3.06243e-21,-3.06243e-21
0.1712,-3.42710e-21,-3.42710e-21
0.1717,5.24691e-22,5.24691e-22
0.1722,3.88190e-21,3.88190e-21
0.1727,2.21292e-21,2.21292e-21
0.1732,-2.99605e-21,-2.99605e-21
0.1737,-3.64370e-21,-3.64370e-21
0.1742,1.44496e-21,1.44496e-21
0.1747,4.32339e-21,4.32339e-21
0.1752,7.23305e-23,7.23305e-23
0.1757,-4.41968e-21,-4.41968e-21
0.1762,-1.22755e-21,-1.22755e-21
0.1767,4.29487e-21,4.29487e-21
0.1772,1.89402e-21,1.89402e-21
0.1777,-4.26883e-21,-4.26883e-21
0.1782,-2.00935e-21,-2.00935e-21
0.1787,4.52894e-21,4.52894e-21
0.1792,1.41761e-21,1.41761e-21
0.1797,-5.00823e-21,-5.00823e-21
0.1802,2.15712e-22,2.15712e-22
0.1807,5.06697e-21,5.06697e-21
0.1812,-3.09998e-21,-3.09998e-21
0.1817,-3.00952e-21,-3.00952e-21
0.1822,5.73244e-21,5.73244e-21
0.1827,-2.85171e-21,-2.85171e-21
0.1832,-2.17048e-21,-2.17048e-21
0.1837,5.66899e-21,5.66899e-21
0.1842,-6.95612e-21,-6.95612e-21
0.1847,7.51328e-21,7.51328e-21
0.1852,-8.43249e-21,-8.43249e-21
0.1857,-7.96006e-22,-7.96006e-22
0.1862,6.95078e-21,3.47539e-21
0.1867,2.53366e-21,1.26683e-21
0.1872,-2.25269e-21,-1.12634e-21
0.1877,-4.78161e-21,-2.39080e-21
0.1882,-4.20824e-21,-2.10412e-21
0.1887,-1.52427e-21,-7.62134e-22
0.1892,1.37595e-21,6.87973e-22
0.1897,2.90247e-21,1.45124e-21
0.1902,2.54778e-21,1.27389e-21
0.1907,9.16946e-22,4.58473e-22
0.1912,-8.40374e-22,-4.20187e-22
0.1917,-1.76180e-21,-8.80901e-22
0.1922,-1.54247e-21,-7.71237e-22
0.1927,-5.51564e-22,-2.75782e-22
0.1932,5.13234e-22,2.56617e-22
0.1937,1.06940e-21,5.34702e-22
0.1942,9.33833e-22,4.66917e-22
0.1947,3.31754e-22,1.65877e-22
0.1952,-3.13423e-22,-1.56712e-22
0.1957,-6.49114e-22,-3.24557e-22
0.1962,-5.65348e-22,-2.82674e-22
0.1967,-1.99529e-22,-9.97646e-23
0.1972,1.91390e-22,9.56949e-23
0.1977,3.93999e-22,1.96999e-22
0.1982,3.42261e-22,1.71130e-22
0.1987,1.19995e-22,5.99977e-23
0.1992,-1.16864e-22,-5.84319e-23
0.1997,-2.39147e-22,-1.19573e-22
0.2002,-2.07201e-22,-1.03601e-22
0.2007,-7.21589e-23,-3.60794e-23
0.2012,7.13533e-23,3.56767e-23
0.2017,1.45154e-22,7.25769e-23
0.2022,1.25436e-22,6.27182e-23
0.2027,4.33893e-23,2.16946e-23
0.2032,-4.35634e-23,-2.17817e-23
0.2037,-8.81025e-23,-4.40512e-23
0.2042,-7.59363e-23,-3.79682e-23
0.2047,-2.60880e-23,-1.30440e-23
0.2052,2.65953e-23,1.32976e-23
0.2057,5.34740e-23,2.67370e-23
0.2062,4.59695e-23,2.29848e-23
0.2067,1.56843e-23,7.84217e-24
0.2072,-1.62353e-23,-8.11767e-24
0.2077,-3.24558e-23,-1.62279e-23
0.2082,-2.78282e-23,-1.39141e-23
0.2087,-9.42880e-24,-4.71440e-24
0.2092,9.91044e-24,4.95522e-24
0.2097,1.96987e-23,9.84933e-24
0.2102,1.68460e-23,8.42298e-24
0.2107,5.66776e-24,2.83388e-24
0.2112,-6.04922e-24,-3.02461e-24
0.2117,-1.19557e-23,-5.97787e-24
0.2122,-1.01977e-23,-5.09884e-24
0.2127,-3.40668e-24,-1.70334e-24
0.2132,3.69217e-24,1.84609e-24
0.2137,7.25624e-24,3.62812e-24
0.2142,6.17306e-24,3.08653e-24
0.2147,2.04745e-24,1.02373e-24
0.2152,-2.25341e-24,-1.12671e-24
0.2157,-4.40394e-24,-2.20197e-24
0.2162,-3.73676e-24,-1.86838e-24
0.2167,-1.23044e-24,-6.15220e-25
0.2172,1.37523e-24,6.87614e-25
0.2177,2.67280e-24,1.33640e-24
0.2182,2.26196e-24,1.13098e-24
0.2187,7.39381e-25,3.69691e-25
0.2192,-8.39239e-25,-4.19620e-25
0.2197,-1.62214e-24,-8.11068e-25
0.2202,-1.36921e-24,-6.84603e-25
0.2207,-4.44261e-25,-2.22131e-25
0.2212,5.12122e-25,2.56061e-25
0.2217,9.84470e-25,4.92235e-25
0.2222,8.28796e-25,4.14398e-25
0.2227,2.66913e-25,1.33456e-25
0.2232,-3.12492e-25,-1.56246e-25
0.2237,-5.97466e-25,-2.98733e-25
0.2242,-5.01674e-25,-2.50837e-25
0.2247,-1.60347e-25,-8.01734e-26
0.2252,1.90669e-25,9.53346e-26
0.2257,3.62593e-25,1.81296e-25
0.2262,3.03661e-25,1.51831e-25
0.2267,9.63188e-26,4.81594e-26
0.2272,-1.16332e-25,-5.81662e-26
0.2277,-2.20049e-25,-1.10025e-25
0.2282,-1.83803e-25,-9.19014e-26
0.2287,-5.78523e-26,-2.89261e-26
0.2292,7.09739e-26,3.54870e-26
0.2297,1.33542e-25,6.67708e-26
0.2302,1.11253e-25,5.56263e-26
0.2307,3.47447e-26,1.73723e-26
0.2312,-4.32987e-26,-2.16494e-26
0.2317,-8.10416e-26,-4.05208e-26
0.2322,-6.73383e-26,-3.36691e-26
0.2327,-2.08647e-26,-1.04324e-26
0.2332,2.64137e-26,1.32069e-26
0.2337,4.91807e-26,2.45904e-26
0.2342,4.07576e-26,2.03788e-26
0.2347,1.25283e-26,6.26417e-27
0.2352,-1.61125e-26,-8.05626e-27
0.2357,-2.98454e-26,-1.49227e-26
0.2362,-2.46689e-26,1.65489e-21
0.2367,-7.52194e-27,5.04601e-22
0.2372,9.82825e-27,-6.59317e-22
0.2377,1.81115e-26,-1.21499e-21
0.2382,1.49309e-26,-1.00162e-21
0.2387,4.51566e-27,-3.02928e-22
0.2392,-5.99471e-27,4.02148e-22
0.2397,-1.09907e-26,7.37300e-22
0.2402,-9.03685e-27,6.06226e-22
0.2407,-2.71061e-27,-1.81838e-22
0.2412,3.65628e-27,-2.45277e-22
0.2417,6.66952e-27,-4.47417e-22
0.2422,5.46943e-27,-3.66910e-22
0.2427,1.62691e-27,-1.09139e-22
0.2432,-2.22993e-27,1.49592e-22
0.2437,-4.04723e-27,2.71503e-22
0.2442,-3.31026e-27,2.22065e-22
0.2447,-9.76369e-28,6.54985e-23
0.2452,1.35995e-27,-9.12306e-23
0.2457,2.45593e-27,-1.64753e-22
0.2462,2.00344e-27,-1.34398e-22
0.2467,5.85888e-28,-3.93036e-23
0.2472,-8.29344e-28,5.56355e-23
0.2477,-1.49029e-27,9.99741e-23
0.2482,-1.21251e-27,8.13396e-23
0.2487,-3.51532e-28,2.35821e-23
0.2492,5.05740e-28,-3.39269e-23
0.2497,9.04312e-28,6.06647e-23
0.2503,7.33817e-28,3.66909e-28
0.2508,2.10894e-28,1.05447e-28
0.2513,-3.08390e-28,-1.54195e-28
0.2518,-5.48735e-28,-2.74368e-28
0.2523,-4.44105e-28,-2.22052e-28
0.2528,-1.26506e-28,-6.32530e-29
0.2533,1.88042e-28,9.40208e-29
0.2538,3.32968e-28,1.66484e-28
0.2543,2.68768e-28,1.34384e-28
0.2548,7.58762e-29,3.79381e-29
0.2533,-1.14654e-28,-5.73269e-29
0.2538,-2.02040e-28,-1.01020e-28
0.2543,-1.62654e-28,-8.13269e-29
0.2548,-4.55035e-29,-2.27517e-29
0.2553,6.82812e-29,3.41406e-29
0.2558,1.19557e-28,5.97784e-29
0.2563,9.61651e-29,4.80825e-29
0.2568,2.67330e-29,1.33665e-29
0.2573,-4.08466e-29,-2.04233e-29
0.2578,-7.11738e-29,-3.55869e-29
0.2633,-6.04922e-29,-3.02461e-29
0.2638,-5.08077e-29,-2.54039e-29
0.2643,-1.40456e-29,-7.02281e-30
0.2648,2.19436e-29,1.09718e-29
0.2653,3.82979e-29,1.91490e-29
0.2658,3.21715e-29,1.60858e-29
0.2663,8.86269e-30,4.43135e-30
0.2668,-1.42040e-29,-7.10199e-30
0.2673,-2.46998e-29,-1.23499e-29
0.2678,-2.07134e-29,-1.03567e-29
0.2683,-5.69174e-30,-2.84587e-30
0.2688,9.26270e-30,4.63135e-30
0.2693,1.60562e-29,8.02810e-30
0.2698,1.34354e-29,6.71772e-30
0.2703,3.67534e-30,1.83767e-30
0.2708,-6.08792e-30,-3.04396e-30
0.2713,-1.04868e-29,-5.24338e-30
0.2718,-8.75948e-30,-4.37974e-30
0.2733,-2.38300e-30,-1.19150e-30
0.2738,4.02295e-30,2.01148e-30
0.2743,6.91136e-30,3.45568e-30
0.2748,5.75921e-30,2.87961e-30
0.2753,1.56225e-30,7.81124e-31
0.2758,-2.69213e-30,-1.34607e-30
0.2763,-4.61239e-30,-2.30619e-30
0.2768,-3.83454e-30,-1.91727e-30
0.2773,-1.03257e-30,-5.16287e-31
0.2778,1.80722e-30,9.03612e-31
0.2783,3.08560e-30,1.54280e-30
0.2788,2.55807e-30,1.27904e-30
0.2793,6.85216e-31,3.42608e-31
0.2798,-1.21887e-30,-6.09433e-31
0.2803,-2.07476e-30,-1.03738e-30
0.2808,-1.71914e-30,-8.59570e-31
0.2813,-4.56864e-31,-2.28432e-31
0.2818,8.23419e-31,4.11710e-31
0.2823,1.39720e-30,6.98600e-31
0.2828,1.15571e-30,5.77854e-31
0.2833,3.05327e-31,1.52663e-31
0.2838,-5.58554e-31,-2.79277e-31
0.2843,-9.44057e-31,-4.72029e-31
0.2848,-7.78749e-31,-3.89374e-31
0.2853,-2.04332e-31,-1.02166e-31
0.2858,3.79360e-31,1.89680e-31
0.2863,6.40335e-31,3.20168e-31
0.2868,5.26991e-31,2.63496e-31
0.2873,1.37093e-31,6.85464e-32
0.2878,-2.59054e-31,-1.29527e-31
0.2883,-4.35052e-31,-2.17526e-31
0.2888,-3.56810e-31,-1.78405e-31
0.2893,-9.20414e-32,-4.60207e-32
0.2898,1.77284e-31,8.86419e-32
0.2903,2.96823e-31,1.48412e-31
0.2908,2.42859e-31,1.21429e-31
0.2913,6.21537e-32,3.10768e-32
0.2918,-1.21577e-31,-6.07886e-32
0.3233,-1.58397e-29,-7.91985e-30
0.3238,-1.00821e-29,-5.04104e-30
0.3243,-7.98848e-30,-3.99424e-30
0.3248,-2.11090e-30,-1.05545e-30
0.3253,3.58780e-30,1.79390e-30
0.3258,6.11719e-30,3.05859e-30
0.3263,4.83405e-30,2.41702e-30
0.3268,1.26471e-30,6.32353e-31
0.3273,-2.18686e-30,-1.09343e-30
0.3278,-3.71150e-30,-1.85575e-30
0.3283,-2.92518e-30,-1.46259e-30
0.3288,-7.57612e-31,-3.78806e-31
0.3293,1.33289e-30,6.66444e-31
0.3298,2.25187e-30,1.12593e-30
0.3303,1.77006e-30,8.85029e-31
0.3308,4.53771e-31,2.26885e-31
0.3313,-8.12371e-31,-4.06186e-31
0.3318,-1.36625e-30,-6.83123e-31
0.3323,-1.07107e-30,-5.35534e-31
0.3328,-2.71743e-31,-1.35871e-31
0.3333,4.95104e-31,2.47552e-31
0.3338,8.28926e-31,4.14463e-31
0.3343,6.48099e-31,3.24050e-31
0.3348,1.62708e-31,8.13541e-32
0.3353,-3.01732e-31,-1.50866e-31
0.3358,-5.02916e-31,-2.51458e-31
0.3363,-3.92156e-31,-1.96078e-31
0.3368,-9.74069e-32,-4.87034e-32
0.3373,1.83878e-31,9.19391e-32
0.3378,3.05120e-31,1.52560e-31
0.3383,2.37286e-31,1.18643e-31
0.3388,5.83036e-32,2.91518e-32
0.3393,-1.12053e-31,-5.60265e-32
0.3398,-1.85115e-31,-9.25573e-32
0.3403,-1.43575e-31,-7.17875e-32
0.3408,-3.48920e-32,-1.74460e-32
0.3413,6.82812e-32,3.41406e-32
0.3418,1.12307e-31,5.61534e-32
0.3423,8.68716e-32,4.34358e-32
0.3428,2.08775e-32,1.04388e-32
0.3433,-4.16066e-32,-2.08033e-32
0.3438,-6.81347e-32,-3.40674e-32
0.3443,-5.25621e-32,-2.62811e-32
0.3448,-1.24897e-32,-6.24487e-33
0.3453,2.53518e-32,1.26759e-32
0.3458,4.13357e-32,2.06678e-32
0.3463,3.18025e-32,1.59013e-32
0.3468,7.47036e-33,3.73518e-33
0.3473,-1.54468e-32,-7.72341e-33
0.3478,-2.50771e-32,-1.25385e-32
0.3483,-1.92417e-32,-9.62086e-33
0.3488,-4.46734e-33,-2.23367e-33
0.3493,9.41138e-33,4.70569e-33
0.3498,1.52134e-32,7.60671e-33
0.3504,1.16418e-32,5.82092e-33
0.3509,2.67097e-33,1.33548e-33
0.3514,-5.73394e-33,-2.86697e-33
0.3519,-9.22929e-33,-4.61464e-33
0.3524,-7.04354e-33,-3.52177e-33
0.3529,-1.59662e-33,-7.98311e-34
0.3534,3.49332e-33,1.74666e-33
0.3539,5.59895e-33,2.79948e-33
0.3544,4.26143e-33,2.13071e-33
0.3549,9.54203e-34,4.77101e-34
0.3554,-2.12818e-33,-1.06409e-33
0.3559,-3.39657e-33,-1.69828e-33
0.3564,-2.57818e-33,-1.28909e-33
0.3569,-5.70147e-34,-2.85073e-34
0.3574,1.29647e-33,6.48233e-34
0.3579,2.06049e-33,1.03024e-33
0.3584,1.55979e-33,7.79897e-34
0.3589,3.40594e-34,1.70297e-34
0.3594,-7.89775e-34,-3.94888e-34
0.3599,-1.24996e-33,-6.24981e-34
0.3604,-9.43654e-34,-4.71827e-34
0.3609,-2.03417e-34,-1.01709e-34
0.3614,4.81094e-34,2.40547e-34
0.3619,7.58258e-34,3.79129e-34
0.3624,5.70890e-34,2.85445e-34
0.3629,1.21460e-34,6.07299e-35
0.3634,-2.93050e-34,-1.46525e-34
0.3639,-4.59974e-34,-2.29987e-34
0.3644,-3.45372e-34,-1.72686e-34
0.3649,-7.25061e-35,-3.62530e-35
0.3654,1.78500e-34,8.92501e-35
0.3659,2.79026e-34,1.39513e-34
0.3664,2.08937e-34,1.04468e-34
0.3669,4.32720e-35,2.16360e-35
0.3674,-1.08723e-34,-5.43617e-35
0.3679,-1.69259e-34,-8.46293e-35
0.3684,-1.26397e-34,-6.31983e-35
0.3689,-2.58182e-35,-1.29091e-35
0.3694,6.62206e-35,3.31103e-35
0.3699,1.02673e-34,5.13363e-35
0.3704,7.64631e-35,3.82316e-35
0.3709,1.54003e-35,7.70013e-36
0.3714,-4.03319e-35,-2.01659e-35
0.3719,-6.22807e-35,-3.11404e-35
0.3724,-4.62552e-35,-2.31276e-35
0.3729,-9.18359e-36,-4.59180e-36
0.3734,2.45636e-35,1.22818e-35
0.3739,3.77788e-35,1.88894e-35
0.3744,2.79810e-35,1.39905e-35
0.3749,5.47484e-36,2.73742e-36
0.3754,-1.49596e-35,-7.47982e-36
0.3759,-2.29159e-35,-1.14580e-35
0.3764,-1.69262e-35,-8.46310e-36
0.3769,-3.26289e-36,-1.63144e-36
0.3774,9.11037e-36,4.55518e-36
0.3779,1.39002e-35,6.95010e-36
0.3784,1.02388e-35,5.11939e-36
0.3789,1.94402e-36,9.72010e-37
0.3794,-5.54802e-36,-2.77401e-36
0.3799,-8.43146e-36,-4.21573e-36
0.3804,-6.19348e-36,-3.09674e-36
0.3809,-1.15787e-36,-5.78937e-37
0.3814,3.37853e-36,1.68926e-36
0.3819,5.11422e-36,2.55711e-36
0.3824,3.74638e-36,1.87319e-36
0.3829,6.89411e-37,3.44706e-37
0.3834,-2.05733e-36,-1.02867e-36
0.3839,-3.10206e-36,-1.55103e-36
0.3844,-2.26612e-36,-1.13306e-36
0.3849,-3.26289e-37,-1.63144e-37
0.3854,1.25276e-36,6.26378e-37
0.3859,1.88156e-36,9.40779e-37
0.3864,1.37072e-36,6.85359e-37
0.3869,1.94402e-37,9.72010e-38
0.3874,-7.62811e-37,-3.81405e-37
0.3879,-1.14125e-36,-5.70623e-37
0.3884,-8.29098e-37,-4.14549e-37
0.3889,-1.45219e-37,-7.26094e-38
0.3894,4.64467e-37,2.32233e-37
0.3899,6.92213e-37,3.46107e-37
0.3904,5.01485e-37,2.50742e-37
0.3909,8.63407e-38,4.31704e-38
0.3914,-3.88559e-37,-1.94280e-37
0.3919,-5.77272e-37,-2.88636e-37
0.3924,-4.17098e-37,-2.08549e-37
0.3929,-6.90335e-38,-3.45168e-38
0.3934,3.24832e-37,1.62416e-37
0.3939,4.80664e-37,2.40332e-37
0.3944,3.46721e-37,1.73360e-37
0.3949,5.66021e-38,2.83011e-38
0.3954,-2.71375e-37,-1.35688e-37
0.3959,-4.00550e-37,-2.00275e-37
0.3964,-2.87987e-37,-1.43994e-37
0.3969,-4.64928e-38,-2.32464e-38
0.3974,1.89048e-37,9.45240e-38
0.3979,2.78244e-37,1.39122e-37
0.3984,1.99604e-37,9.98018e-38
0.3989,3.14929e-38,1.57464e-38
0.3994,-1.32353e-37,-6.61765e-38
0.3999,-1.94120e-37,-9.70600e-38
0.4004,-1.38832e-37,-6.94159e-38
0.4009,-2.14904e-38,-1.07452e-38
0.4014,9.32554e-38,4.66277e-38
0.4019,1.36450e-37,6.82248e-38
0.4024,9.73002e-38,4.86501e-38
0.4029,1.45823e-38,7.29117e-39
0.4034,-6.51726e-38,-3.25863e-38
0.4039,-9.48992e-38,-4.74496e-38
0.4044,-6.75071e-38,-3.37535e-38
0.4049,-9.90230e-39,-4.95115e-39
0.4054,4.55872e-38,2.27936e-38
0.4059,6.60664e-38,3.30332e-38
0.4064,4.69117e-38,2.34559e-38
0.4069,6.72448e-39,3.36224e-39
0.4074,-3.10685e-38,-1.55343e-38
0.4079,-4.49162e-38,-2.24581e-38
0.4084,-3.17405e-38,-1.58703e-38
0.4089,-4.44928e-39,-2.22464e-39
0.4094,2.16571e-38,1.08285e-38
0.4099,3.11756e-38,1.55878e-38
0.4104,2.19404e-38,1.09702e-38
0.4109,3.00044e-39,1.50022e-39
0.4114,-1.50353e-38,-7.51764e-39
0.4119,-2.16475e-38,-1.08237e-38
0.4124,-1.52104e-38,-7.60518e-39
0.4129,-2.02471e-39,-1.01235e-39
0.4134,1.04031e-38,5.20154e-39
0.4139,1.49492e-38,7.47459e-39
0.4144,1.04631e-38,5.23153e-39
0.4149,1.35718e-39,6.78591e-40
0.4154,-7.32554e-39,-3.66277e-39
0.4159,-1.04992e-38,-5.24959e-39
0.4164,-7.34311e-39,-3.67155e-39
0.4169,-9.37450e-40,-4.68725e-40
0.4174,5.11764e-39,2.55882e-39
0.4179,7.30664e-39,3.65332e-39
0.4184,5.10185e-39,2.55092e-39
0.4189,6.34929e-40,3.17464e-40
0.4194,-3.72306e-39,-1.86153e-39
0.4199,-5.29272e-39,-2.64636e-39
0.4204,-3.68104e-39,-1.84052e-39
0.4209,-4.44928e-40,-2.22464e-40
0.4214,2.66571e-39,1.33285e-39
0.4219,3.77444e-39,1.88722e-39
0.4224,2.62104e-39,1.31052e-39
0.4229,3.07271e-40,1.53635e-40
0.4234,-1.97726e-39,-9.88629e-40
0.4239,-2.78720e-39,-1.39360e-39
0.4244,-1.92804e-39,-9.64018e-40
0.4249,-2.19944e-40,-1.09972e-40
0.4254,1.45031e-39,7.25153e-40
0.4259,2.03656e-39,1.01828e-39
0.4264,1.40104e-39,7.00520e-40
0.4269,1.55909e-40,7.79545e-41
0.4274,-1.15031e-39,-5.75154e-40
0.4279,-1.60965e-39,-8.04826e-40
0.4284,-1.10610e-39,-5.53049e-40
0.4289,-1.20823e-40,-6.04115e-41
0.4294,9.10572e-40,4.55286e-40
0.4299,1.27058e-39,6.35288e-40
0.4304,8.71102e-40,4.35551e-40
0.4309,9.28236e-41,4.64118e-41
0.4314,-7.32554e-40,-3.66277e-40
0.4319,-1.01992e-39,-5.09959e-40
0.4324,-6.97311e-40,-3.48655e-40
0.4329,-7.17450e-41,-3.58725e-41
0.4334,5.81764e-40,2.90882e-40
0.4339,8.07213e-40,4.03607e-40
0.4344,5.50031e-40,2.75016e-40
0.4349,5.46221e-41,2.73110e-41
0.4354,-4.65806e-40,-2.32903e-40
0.4359,-6.44272e-40,-3.22136e-40
0.4464,-3.55108e-41,-1.77554e-41
0.4469,-4.00335e-42,-2.00167e-42
0.4474,2.26571e-41,1.13285e-41
0.4479,3.13682e-41,1.56841e-41
0.4484,2.14721e-41,1.07360e-41
0.4489,2.35014e-42,1.17507e-42
0.4494,-1.37879e-41,-6.89395e-42
0.4499,-1.90220e-41,-9.51100e-42
0.4504,-1.29832e-41,-6.49159e-42
0.4509,-1.37814e-42,-6.89071e-43
0.4514,8.39042e-42,4.19521e-42
0.4519,1.15351e-41,5.76754e-42
0.4524,7.85024e-42,3.92512e-42
0.4529,8.07223e-43,4.03612e-43
0.4534,-5.10572e-42,-2.55286e-42
0.4539,-6.99484e-42,-3.49742e-42
0.4544,-4.74653e-42,-2.37326e-42
0.4549,-4.72233e-43,-2.36117e-43
0.4554,3.10685e-42,1.55342e-42
0.4559,4.24162e-42,2.12081e-42
0.4564,2.86987e-42,1.43494e-42
0.4569,2.75895e-43,1.37947e-43
0.4574,-1.89048e-42,-9.45240e-43
0.4579,-2.57206e-42,-1.28603e-42
0.4584,-1.73516e-42,-8.67579e-43
0.4589,-1.60957e-43,-8.04785e-44
0.4594,1.15031e-42,5.75154e-43
0.4599,1.55965e-42,7.79826e-43
0.4604,1.04909e-42,5.24543e-43
0.4609,9.37579e-44,4.68790e-44
0.4614,-6.99918e-43,-3.49959e-43
0.4619,-9.45729e-43,-4.72864e-43
0.4624,-6.34271e-43,-3.17135e-43
0.4629,-5.45230e-44,-2.72615e-44
0.4634,4.25862e-43,2.12931e-43
0.4639,5.73460e-43,2.86730e-43
0.4644,3.83470e-43,1.91735e-43
0.4649,3.16492e-44,1.58246e-44
0.4654,-2.59108e-43,-1.29554e-43
0.4659,-3.47725e-43,-1.73862e-43
0.4664,-2.31835e-43,-1.15917e-43
0.4669,-1.83352e-44,-9.16761e-45
0.4674,1.57646e-43,7.88229e-44
0.4679,2.10845e-43,1.05422e-43
0.4684,1.40159e-43,7.00794e-44
0.4689,1.05990e-44,5.29950e-45
0.4694,-9.59125e-44,-4.79563e-44
0.4699,-1.27846e-43,-6.39229e-44
0.4704,-8.47332e-44,-4.23666e-44
0.4709,-6.11239e-45,-3.05619e-45
0.4714,5.83523e-44,2.91761e-44
0.4719,7.75187e-44,3.87593e-44
0.4724,5.12247e-44,2.56123e-44
0.4729,3.51569e-45,1.75785e-45
0.4734,-3.55001e-44,-1.77501e-44
0.4739,-4.70025e-44,-2.35012e-44
0.4744,-3.09669e-44,-1.54835e-44
0.4749,-2.01622e-45,-1.00811e-45
0.4754,2.15970e-44,1.07985e-44
0.4759,2.84991e-44,1.42495e-44
0.4764,1.87201e-44,9.36005e-45
0.4769,1.15251e-45,5.76255e-46
0.4774,-1.31385e-44,-6.56926e-45
0.4779,-1.72798e-44,-8.63991e-45
0.4784,-1.13165e-44,-5.65825e-45
0.4789,-6.56372e-46,-3.28186e-46
0.4794,7.99263e-45,3.99631e-45
0.4799,1.04771e-44,5.23853e-45
0.4804,6.84077e-45,3.42038e-45
0.4809,3.72257e-46,1.86129e-46
0.4814,-4.86210e-45,-2.43105e-45
0.4819,-6.35240e-45,-3.17620e-45
0.4824,-4.13516e-45,-2.06758e-45
0.4829,-2.10119e-46,-1.05060e-46
0.4834,2.95766e-45,1.47883e-45
0.4839,3.85151e-45,1.92575e-45
0.4844,2.49960e-45,1.24980e-45
0.4849,1.17949e-46,5.89744e-47
0.4854,-1.79914e-45,-8.99571e-46
0.4859,-2.33518e-45,-1.16759e-45
0.4864,-1.51092e-45,-7.55460e-46
0.4869,-6.57862e-47,-3.28931e-47
0.4874,1.09438e-45,5.47189e-46
0.4879,1.41581e-45,7.07905e-46
0.4884,9.13283e-46,4.56641e-46
0.4889,3.64148e-47,1.82074e-47
0.4894,-6.65682e-46,-3.32841e-46
0.4899,-8.58392e-46,-4.29196e-46
0.4904,-5.52027e-46,-2.76013e-46
0.4909,-1.99738e-47,-9.98688e-48
0.4914,4.04906e-46,2.02453e-46
0.4919,5.20430e-46,2.60215e-46
0.4924,3.33662e-46,1.66831e-46
0.4929,1.08344e-47,5.41718e-48
0.4934,-2.46282e-46,-1.23141e-46
0.4939,-3.15525e-46,-1.57762e-46
0.4944,-2.01672e-46,-1.00836e-46
0.4949,-5.79555e-48,-2.89778e-48
0.4954,1.49797e-46,7.48984e-47
0.4959,1.91294e-46,9.56469e-47
0.4964,1.21892e-46,6.09460e-47
0.4969,3.04503e-48,1.52251e-48
0.4974,-9.11092e-47,-4.55546e-47
0.4979,-1.15975e-46,-5.79874e-47
0.4984,-7.36713e-47,-3.68356e-47
0.4989,-1.56201e-48,-7.81003e-49
0.4994,5.54133e-48,2.77066e-48
0.4999,7.03111e-48,3.51555e-48
0.5000,4.45259e-48,2.22629e-48